IJK,X,Y,Z,BM12.5_Ni%,BM25_Ni%,Ni_Actual%,Tonnage_Actual_t,Actual_Product
44686,247267.25,8279757.25,269,1.79062216,1.91937567,1.376,448,LLGSap
58904,247329.75,8279707.25,277,1.53981882,1.49108978,1.666,319.344525,Limore3
61802,247342.25,8279707.25,277,1.26484251,1.27221818,1.449,184.8836724,Limore3
41652,247254.75,8279732.25,273,1.74324838,1.81874193,1.481,277.5881469,Limore3
44618,247267.25,8279744.75,271,1.87960994,2.00419877,1.558421053,608,Sapore1
59448,247329.75,8279807.25,261,1.16271033,0.76520423,1.201,256,LLGSap
47447,247279.75,8279732.25,271,1.51901031,1.44285143,1.361823529,785.14785,LLGSap
41721,247254.75,8279744.75,273,1.74392282,1.80647324,1.4,277.5881469,LGSap
44687,247267.25,8279757.25,271,1.64736146,1.93191948,1.462,252.1140987,Limore3
56619,247317.25,8279819.75,261,1.74665203,1.65367244,1.503,288,Sapore1
62346,247342.25,8279807.25,261,1.66982148,1.47326559,1.618,398.87505,Sapore1
62415,247342.25,8279819.75,261,1.68994565,1.58847512,1.818,449.60265,Sapore3
38823,247242.25,8279744.75,273,1.49107484,1.66239124,1.655545455,352,Sapore2
47516,247279.75,8279744.75,271,1.72837003,2.00779691,1.6642,294.381,Sapore2
47925,247279.75,8279819.75,261,1.77470854,1.59930329,1.371,99.46510714,Limore3
44688,247267.25,8279757.25,273,1.38269432,1.46985821,1.055,91.55194016,Limore2
50483,247292.25,8279757.25,271,1.63428642,1.80131414,1.464,464.5487288,Limore3
50754,247292.25,8279807.25,261,1.50177947,1.44372074,1.454555556,236.0799,LLGSap
53721,247304.75,8279819.75,261,1.65345633,1.67650231,1.384,360.8955,LLGSap
44481,247267.25,8279719.75,273,1.36085273,1.42436908,1.192,216.93825,LLGSap
44619,247267.25,8279744.75,273,1.6041256,1.70699103,1.561,88.43297727,Limore3
47517,247279.75,8279744.75,273,1.6539664,1.60741986,1.529,114.4399252,Limore3
47585,247279.75,8279757.25,271,1.60185863,1.91515128,1.618,435.5649257,Sapore1
47586,247279.75,8279757.25,273,1.3065327,1.36834904,1.138,80.10794764,LGSap
47856,247279.75,8279807.25,261,1.61312406,0.990459681,1.711,39.78604286,Sapore2
44550,247267.25,8279732.25,273,1.66357539,1.91133151,1.398,480.816,LLGSap
47448,247279.75,8279732.25,273,1.65195041,1.83366421,1.548916667,392.6286,Sapore1
53652,247304.75,8279807.25,261,1.36037509,1.18552504,1.497,96.03417857,Sapore1
62347,247342.25,8279807.25,263,1.63715225,1.65642588,1.567,171.6598878,Limore3
62416,247342.25,8279819.75,263,1.58402527,1.50067626,1.386,114.4399252,Limore3
50345,247292.25,8279732.25,271,1.46569456,1.37195251,1.343,396.63675,LLGSap
50414,247292.25,8279744.75,271,1.73291406,1.71322409,1.736333333,487.67805,Sapore2
50823,247292.25,8279819.75,261,1.71701291,1.86658914,1.376,374.67225,LLGSap
53243,247304.75,8279732.25,271,1.33295774,1.0504956,1.595,299.8242,Sapore1
53381,247304.75,8279757.25,271,1.7115601,1.48457147,1.423,106.1195727,Limore3
59518,247329.75,8279819.75,263,1.72953724,1.43001548,1.3567,274.11075,LLGSap
38686,247242.25,8279719.75,275,1.46732718,1.3215785,1.178375,463.70475,LLGSap
53175,247304.75,8279719.75,273,1.45579067,1.6196782,1.722,598.64805,Sapore2
53313,247304.75,8279744.75,273,1.75820383,1.58287762,2.228333333,351.3402,Sapore3
59449,247329.75,8279807.25,263,1.49873573,1.29977502,1.158,253.18845,LLGSap
50346,247292.25,8279732.25,273,1.68568915,1.70966675,1.658090909,413.98425,Sapore2
50277,247292.25,8279719.75,273,1.43116772,1.41752813,1.508,357.26535,Sapore1
50415,247292.25,8279744.75,273,1.70717656,1.54170519,1.562,384,Limore3
53244,247304.75,8279732.25,273,1.64254061,1.55960067,1.863272727,381.8745,Sapore3
53722,247304.75,8279819.75,263,1.71033882,1.60613158,1.453,640,LLGSap
45028,247267.25,8279819.75,263,1.72113129,1.47650942,1.634,228.1041,Sapore1
53382,247304.75,8279757.25,273,1.41997777,1.292006,1.076,352.93005,Limore2
56073,247317.25,8279719.75,273,1.84496455,1.70692729,1.808466667,480,Sapore3
56142,247317.25,8279732.25,273,1.67526782,1.7830036,1.616363636,398.466,Sapore1
50755,247292.25,8279807.25,263,1.65145624,1.64986691,1.793,458.6733,Sapore2
56211,247317.25,8279744.75,273,1.68746832,1.53719744,1.335,481.26825,Limore3
53654,247304.75,8279807.25,265,1.6351118,1.53840897,1.133,192,Limore2
47857,247279.75,8279807.25,263,1.95457542,1.5487851,1.537933333,500.72985,Sapore1
50824,247292.25,8279819.75,263,1.72349895,1.78209524,1.775666667,473.313375,Sapore2
56280,247317.25,8279757.25,273,1.37353097,1.30644866,1.093,449.1837,Limore2
50211,247292.25,8279707.25,279,1.533812,1.29645032,1.287,512,Limore3
56006,247317.25,8279707.25,277,1.58781,1.44223336,1.088,192,LLGSap
47313B,247279.75,8279707.25,279,1.34326149,1.38833325,1.224,223.29,LGSap
50756,247292.25,8279807.25,265,1.7337479,1.92787297,1.197,278.7292373,LLGSap
53108,247304.75,8279707.25,277,1.53933973,1.44125734,1.97,488.909925,Sapore3
50210,247292.25,8279707.25,277,1.41400016,1.50892787,1.896,349.221375,Sapore3
59450,247329.75,8279807.25,265,1.65367763,1.49740786,1.342,157.771125,Limore3
47312,247279.75,8279707.25,277,1.47964898,1.52204458,1.388666667,339.6735,LLGSap
53176,247304.75,8279719.75,275,1.61169072,1.44551408,1.579210526,631.0845,Sapore1
56074,247317.25,8279719.75,275,1.72791144,1.52750744,1.721166667,434.6595,Sapore2
56621,247317.25,8279819.75,265,1.38632907,1.26956339,1.332,288,Limore3
59519,247329.75,8279819.75,265,1.52027421,1.41282513,1.482,320,Sapore1
38755,247242.25,8279732.25,275,1.22123721,1.56450163,1.585,352,Sapore1
38824,247242.25,8279744.75,275,1.44043139,1.77488414,1.604,448,Sapore1
47380,247279.75,8279719.75,275,1.52945666,1.61187566,1.508,129.31785,Sapore1
41722,247254.75,8279744.75,275,1.43649892,1.45253715,1.595,419.4636923,Limore3
44482,247267.25,8279719.75,275,1.63138131,1.56672456,1.4685,384,Sapore1
50278,247292.25,8279719.75,275,1.5170226,1.46769959,1.540666667,171.67005,Sapore1
76836,247404.75,8279807.25,261,1.65785313,1.61751841,1.243,348.3238891,Limore3
41584,247254.75,8279719.75,275,1.7114093,1.38770482,1.687588235,544,Sapore2
41653,247254.75,8279732.25,275,1.56928044,1.68674287,1.447,359.5403077,Limore3
44551,247267.25,8279732.25,275,1.48938337,1.5247249,1.443,379.9896972,Limore3
47518,247279.75,8279744.75,275,1.2273255,1.10948342,1.315,506.6529295,Limore3
53245,247304.75,8279732.25,275,1.5042896,1.35452779,1.419,443.3213133,Limore3
50416,247292.25,8279744.75,275,1.17006027,1.10541623,1.213,557.8606366,Limore3
79734,247417.25,8279807.25,261,1.59584454,1.63085328,1.403,221.6606567,Limore3
44620,247267.25,8279744.75,275,1.30080825,1.23768974,1.364,474.9871214,Limore3
47449,247279.75,8279732.25,275,1.39343608,1.40927961,1.191,316.658081,Limore2
50347,247292.25,8279732.25,275,1.4262563,1.34985134,1.344,379.9896972,Limore3
50279,247292.25,8279719.75,277,1.42468006,1.25375909,1.476,474.9871214,Limore3
56212,247317.25,8279744.75,275,1.38387866,1.2062105,1.36,411.6555052,Limore3
53177,247304.75,8279719.75,277,1.53049908,1.33498166,1.478,569.9845457,Limore3
53315,247304.75,8279744.75,277,1.05819141,1.0187507,1.193,520.6699275,Limore2
50348,247292.25,8279732.25,277,1.10404116,1.14805265,1.194,595.0513457,Limore2
50825,247292.25,8279819.75,265,1.62250219,1.6853053,1.533,221.6606567,Sapore1
56075,247317.25,8279719.75,277,1.46663303,1.31474292,1.659,379.9896972,Limore3
56143,247317.25,8279732.25,275,1.52269506,1.3927946,1.368,411.6555052,Limore3
56213,247317.25,8279744.75,277,1.12631508,1.04921583,1.22,557.8606366,Limore3
62417,247342.25,8279819.75,265,1.50340558,1.44676964,1.471,474.9871214,Limore3
65246,247354.75,8279807.25,265,1.40147196,1.25982969,1.397,538.3187376,Limore3
73939,247392.25,8279807.25,263,1.39208714,1.42074398,1.17,189.9948486,Limore2
53246,247304.75,8279732.25,277,1.18903091,1.18159414,1.219,632.2420548,Limore3
56144,247317.25,8279732.25,277,1.33098768,1.17093542,1.384,506.6529295,Limore3
62348,247342.25,8279807.25,265,1.58003497,1.56643727,1.523,316.658081,Limore3
47519,247279.75,8279744.75,277,1.0534686,1.00244489,1.097,371.907091,Limore2
50417,247292.25,8279744.75,277,0.97028157,0.99468493,1.134,818.1956003,Limore2
47381,247279.75,8279719.75,277,1.44713433,1.27797418,1.549,506.6529295,Limore3
47450,247279.75,8279732.25,277,1.17810865,1.17508635,1.199,595.0513457,Limore2
71042,247379.75,8279807.25,265,1.1912079,1.2637623,1.177,294.0877241,Limore2
59451,247329.75,8279807.25,267,1.61953307,1.42950185,1.229,158.3290405,Limore3
59520,247329.75,8279819.75,267,1.44038213,1.21978836,1.286,284.9922729,Limore3
62418,247342.25,8279819.75,267,1.2704721,1.20210748,1.4,411.6555052,Limore3
62349,247342.25,8279807.25,267,1.4722961,1.33447804,1.289,506.6529295,Limore3
73940,247392.25,8279807.25,265,1.25009835,1.32466789,1.752,253.3264648,Sapore2
65247,247354.75,8279807.25,267,1.24876329,1.07995408,1.15,253.3264648,Limore2
76837,247404.75,8279807.25,263,1.43463906,1.45537272,1.328,379.9896972,Limore3
79735,247417.25,8279807.25,263,1.36780073,1.40942747,1.404,284.9922729,Limore3
56007,247317.25,8279707.25,279,1.37045731,1.25895541,1.384,900.95895,Limore3
56076,247317.25,8279719.75,279,1.17412376,1.1133261,1.197,409.752,Limore2
58836,247329.75,8279694.75,279,1.70343919,1.42582429,1.613,124.65225,Sapore1
76220,247404.75,8279694.75,271,1.88840794,1.98160839,1.586,563.53455,Limore3
76153,247404.75,8279682.25,275,1.63327829,1.56217566,1.618,233.4906,Limore3
41585,247254.75,8279719.75,277,1.57265555,1.62705774,1.555,158.5494,Limore3
44552,247267.25,8279732.25,277,1.28797965,1.16174244,1.441,444.8948011,Limore3
41654,247254.75,8279732.25,277,1.348525,1.35351789,1.381,263.5090472,Limore3
76154,247404.75,8279682.25,277,1.36649617,1.25026919,1.436,385.5754943,Limore3
38687,247242.25,8279719.75,277,1.60610962,1.37061213,1.709684211,433.3257,Sapore2
41723,247254.75,8279744.75,277,1.27835423,1.13655755,1.474,171.8537264,Limore3
44483,247267.25,8279719.75,277,1.50064217,1.46816466,1.59,474.5544545,Limore3
38825,247242.25,8279744.75,277,1.40203711,1.40642236,1.625,423.8147368,Limore3
38756,247242.25,8279732.25,277,1.37572869,1.62166801,1.666454545,582.7452632,Sapore2
35927,247229.75,8279744.75,277,1.58772345,1.44048083,1.8695,362.3292,Sapore3
33029,247217.25,8279744.75,277,1.31683258,0.825674117,1.746,354.78135,Sapore2
47245L,247279.75,8279694.75,281,1.3650993,1.37999935,1.359,243.07695,LLGSap
44415,247267.25,8279707.25,279,1.46419337,1.48514585,1.574,453.06945,Sapore1
44416,247267.25,8279707.25,281,1.24671202,1.30414847,1.326,250.85565,Limore3
47245H,247279.75,8279694.75,281,1.3650993,1.37999935,1.392,124.85475,LLGSap
76085,247404.75,8279669.75,277,1.86105022,1.51024741,1.633583333,372.5298,Limore3
76086,247404.75,8279669.75,279,1.33552062,1.16141741,1.302,244.0964348,Limore3
35858,247229.75,8279732.25,277,1.41373953,1.19626742,2.173,133.9875,Sapore3
44553,247267.25,8279732.25,279,1.10592577,1.01787205,1.398,462.483,Limore3
"58897, 58896H",247329.75,8279707.25,261,0.376481518,0.270328477,2.0125,646.623,Sapore3
41517H,247254.75,8279707.25,279,1.42297364,1.47969487,1.54,370.15245,Sapore1
38619L,247242.25,8279707.25,279,1.56788919,1.5189856,1.234,99.495,LLGSap
38619H,247242.25,8279707.25,279,1.56788919,1.5189856,1.583,99.495,Sapore1
41655,247254.75,8279732.25,279,1.10855792,1.13995512,1.298,778.4154,Limore3
41517L,247254.75,8279707.25,279,1.42297364,1.47969487,1.3,230.7204,LGSap
41586,247254.75,8279719.75,279,1.28499618,1.34712039,1.129,808.54065,Limore2
35859L,247229.75,8279732.25,279,1.57373302,1.46885271,1.706,247.76955,Sapore2
30063,247204.75,8279732.25,279,0.804572523,0.272536904,1.556,418.851,Sapore1
32961,247217.25,8279732.25,279,1.22872514,0.503183305,1.043,231.45885,LLGSap
35859H,247229.75,8279732.25,279,1.57373302,1.46885271,1.456,133.7256,LLGSap
30132,247204.75,8279744.75,279,1.50179478,0.820327044,1.047,193.4982,LLGSap
33030,247217.25,8279744.75,279,1.68088277,1.33546103,1.43375,260.0883,LLGSap
38620,247242.25,8279707.25,281,1.50774543,1.42990576,1.717117647,357.72435,Sapore2
38551L,247242.25,8279694.75,281,0.919633627,1.04557538,1.538,198.3189405,Sapore1
41449M,247254.75,8279694.75,281,1.24365677,1.30513363,1.322,191.16945,LLGSap
35791,247229.75,8279719.75,281,1.31337937,1.23338774,1.504,480,Sapore1
"35722M,L",247229.75,8279707.25,281,0.811578929,0.87805021,1.47,198.3189405,Sapore1
32962,247217.25,8279732.25,281,1.38399945,0.848033249,1.407,352,LLGSap
"30064M,H",247204.75,8279732.25,281,1.11010245,0.434850812,1.486,256,Sapore1
"30064M,L",247204.75,8279732.25,281,1.11010245,0.434850812,1.131,268.4151,LLGSap
15645,247142.25,8279744.75,285,0.871891916,0.894158125,1.739,32,Sapore2
15646H,247142.25,8279744.75,287,1.59449558,1.65346689,2.148,64,Sapore3
15646L,247142.25,8279744.75,287,1.59449558,1.65346689,1.337,32,LLGSap
18544L,247154.75,8279744.75,287,1.37182345,1.3925189,1.266,160,LLGSap
27168,247192.25,8279732.25,285,1.55872669,1.26641909,1.5615,384,Sapore1
30066H,247204.75,8279732.25,285,1.52189606,1.10526459,1.171,192,LLGSap
24270,247179.75,8279732.25,285,1.25060833,1.5097672,1.308,416,LLGSap
35655L,247229.75,8279694.75,285,0.611778438,1.010500073,0.588,32,Waste
35655H,247229.75,8279694.75,285,0.611778438,1.010500073,1.676,96,Sapore2
30066L,247204.75,8279732.25,285,1.52189606,1.10526459,1.546,256,Sapore1
38553,247242.25,8279694.75,285,1.32453939,1.25456694,1.83,160,Sapore3
21373,247167.25,8279732.25,287,1.35116648,1.25809278,1.082,365.68395,LLGSap
27169,247192.25,8279732.25,287,1.39252621,1.3725572,1.569,221.184,Sapore1
12541,247129.75,8279707.25,287,1.5745809,1.43442786,1.785636364,309.6662684,Sapore2
12610,247129.75,8279719.75,287,1.64226045,1.74502826,1.943,225.2118316,Sapore3
12676,247129.75,8279732.25,281,0.28818363,0.349119067,1.58,167.52555,Sapore1
12473,247129.75,8279694.75,289,1.45833191,0.94605004,1.58,199.14255,Sapore1
9575,247117.25,8279694.75,289,1.51963713,1.2500964,1.451,406.21635,LLGSap
9644,247117.25,8279707.25,289,1.8918637,1.49596396,1.899,90.29205,Sapore3
29792,247204.75,8279682.25,289,1.25308767,0.518245995,1.08,262.1835,LLGSap
32623,247217.25,8279669.75,293,1.42067337,1.23547591,1.731,257.0529938,Sapore2
29725,247204.75,8279669.75,293,1.48305724,1.39997676,1.349,385.5794906,Limore3
29793,247204.75,8279682.25,291,1.28062892,1.0797451,0.992,544,LLGSap
29726,247204.75,8279669.75,295,1.36935622,1.20991828,1.1,272.9441368,Limore2
26896,247192.25,8279682.25,293,1.44417485,1.53923903,1.557,309.6286816,Sapore1
26897,247192.25,8279682.25,295,1.3465845,1.40795346,0.93,501.1993658,Limore1
24134,247179.75,8279707.25,289,0.481771588,0.764386714,1.539,657.0369,Sapore1
9576,247117.25,8279694.75,291,1.49946028,1.33371543,1.15,163.7428886,LLGSap
29999,247204.75,8279719.75,289,1.25959189,1.04051766,1.136,697.5957358,Limore2
32897,247217.25,8279719.75,289,0.98921031,1.00985176,1.133,549.3798,Limore2
12542,247129.75,8279707.25,289,1.83018567,1.54388531,1.4215,562.2372,LLGSap
15440,247142.25,8279707.25,289,1.40936903,1.47865059,1.214,492.4205194,LLGSap
18270,247154.75,8279694.75,291,1.30095693,1.5339464,1.019,224,LLGSap
18476,247154.75,8279732.25,289,1.40066841,1.28632662,0.48,593.001,Waste
15372,247142.25,8279694.75,291,1.35091908,1.21144786,1.168,229.527,LLGSap
21168,247167.25,8279694.75,291,1.44365592,1.39681215,1.353,269.8083,LLGSap
21374,247167.25,8279732.25,289,1.17305915,1.18880732,1.524,553.9185,Sapore1
12611,247129.75,8279719.75,289,2.18005281,1.77008048,1.843,867.0908647,Sapore3
15578,247142.25,8279732.25,289,1.5781589,1.61121717,1.17425,647.3061,LLGSap
32829,247217.25,8279707.25,291,1.05527585,1.01242084,1.243,286.46325,Limore3
32760,247217.25,8279694.75,291,0.99798141,1.14986393,1.122,599.8474125,LLGSap
12680,247129.75,8279732.25,289,2.12295954,1.85979235,1.797538462,185.8051853,Sapore2
12612,247129.75,8279719.75,291,2.38927541,1.64818728,2.099076923,302.2639615,Sapore3
18339,247154.75,8279707.25,291,1.33927886,1.5399294,1.086,478.4875875,LLGSap
18408,247154.75,8279719.75,291,1.35276754,1.28188884,1.28,451.00077,Limore3
21237,247167.25,8279707.25,291,1.3626364,1.37596194,1.056,331.2606375,LGSap
15441,247142.25,8279707.25,291,1.66781808,1.53639949,1.303,448,LLGSap
21306,247167.25,8279719.75,291,1.15762255,1.18909386,0.809,523.827,Waste
12681,247129.75,8279732.25,291,1.70924129,1.80251892,1.941,22.7509646,Sapore3
15579,247142.25,8279732.25,291,1.34608206,1.34623533,1.632,505.9468636,Sapore1
18477,247154.75,8279732.25,291,1.26106706,1.21067618,1.374,472.2170727,LGSap
9646,247117.25,8279707.25,293,1.35922483,1.27938662,1.699,472.2170727,Limore3
9715,247117.25,8279719.75,293,1.3535701,1.24081833,1.34,505.9468636,Limore3
18271,247154.75,8279694.75,293,1.3704393,1.47771779,1.433,474.795,LLGSap
18409,247154.75,8279719.75,293,1.2343386,1.17655928,1.341,20.5884878,LLGSap
21238,247167.25,8279707.25,293,1.13152291,1.13727664,0.846,384,Waste
21169,247167.25,8279694.75,293,1.2791542,1.50609955,1.297,602.2296,Limore3
24067,247179.75,8279694.75,293,1.24633752,1.02889319,1.292,438.4872818,LLGSap
9577,247117.25,8279694.75,293,1.41633704,1.35220328,1.473,101.1893727,Limore3
12544,247129.75,8279707.25,293,1.57273713,1.37787749,1.307,233.4731538,Limore3
12613,247129.75,8279719.75,293,1.5124041,1.27346373,1.255,265.719479,Limore3
15442,247142.25,8279707.25,293,1.45730685,1.37514015,1.295,272.3853462,Limore3
18340,247154.75,8279707.25,293,1.28850302,1.21280815,0.865,7.720682927,Waste
12475,247129.75,8279694.75,293,1.55309562,1.26515551,1.677,467.341875,Sapore2
12476,247129.75,8279694.75,295,1.27420046,1.22239826,1.166,354.2926387,Limore2
15373,247142.25,8279694.75,293,1.42215127,1.47204569,1.354,552.313125,LLGSap
15511,247142.25,8279719.75,293,1.47372555,1.27023751,1.405,30.88273171,Limore3
12545,247129.75,8279707.25,295,1.27911596,1.2008662,1.202,442.8657983,Limore3
9578,247117.25,8279694.75,295,1.25394935,1.19621071,1.344,442.8657983,Limore3
44823,247267.25,8279782.25,267,1.79877393,1.71140387,1.934461538,453.3138,Sapore3
47721,247279.75,8279782.25,267,1.68566947,1.44033684,1.497416667,455.0283,Sapore1
44892,247267.25,8279794.75,267,1.76558998,1.70140673,1.7365,497.7002172,Sapore2
42132,247254.75,8279819.75,267,1.86992813,1.76131858,1.629,454.37625,Sapore1
44961,247267.25,8279807.25,267,1.96756517,1.75743269,2.003745455,533.2502328,Sapore3
45030,247267.25,8279819.75,267,1.69725876,1.87358268,1.951,533.37015,Sapore3
47859,247279.75,8279807.25,267,1.66678051,1.86561229,1.941,516.09015,Sapore3
50688,247292.25,8279794.75,267,1.74823404,1.67556078,1.92,321.67935,Sapore3
47790,247279.75,8279794.75,267,2.00986938,1.72339994,1.692066667,533.3607,Sapore2
50757,247292.25,8279807.25,267,1.54884017,1.59312819,2.214,527.98095,Sapore3
53449,247304.75,8279769.75,269,1.56082071,1.63344726,1.3397,606.29715,LLGSap
47722,247279.75,8279782.25,269,1.74761207,1.56858027,1.933157895,781.6716,Sapore3
50551,247292.25,8279769.75,269,1.52311188,1.57380378,1.769,442.9598684,Sapore2
50620,247292.25,8279782.25,269,1.5347909,1.50587956,2.35,322.1526316,Sapore3
47653M,247279.75,8279769.75,269,1.62405992,1.64253166,1.72075,661.86045,Sapore2
39371,247242.25,8279844.75,265,1.59769781,1.69550927,1.7355,449.8983,Sapore2
36130,247229.75,8279782.25,269,1.37787869,1.67478572,1.328,662.75415,LLGSap
41858,247254.75,8279769.75,271,1.64767632,1.84737738,1.703,479.0974034,Sapore2
44756,247267.25,8279769.75,271,1.57918265,1.75734118,1.734,819.02475,Sapore2
44825,247267.25,8279782.25,271,1.72355028,1.56390927,1.959,513.3186466,Sapore3
38959,247242.25,8279769.75,269,1.54033009,1.8487234,1.568818182,431.22375,Sapore1
41857,247254.75,8279769.75,269,1.56588878,1.96570896,1.628933333,623.241,Sapore1
44755,247267.25,8279769.75,269,1.77880862,1.70218575,1.8838125,523.1628,Sapore3
44824,247267.25,8279782.25,269,1.93713346,1.68238201,1.573590909,810.5076,Sapore1
33986,247217.25,8279919.75,259,1.59537204,1.70484843,1.486916667,512.4762,Sapore1
36131,247229.75,8279782.25,271,1.74649471,1.90843011,1.625,280.6083,Sapore1
39028,247242.25,8279782.25,269,1.76810034,1.66586369,1.715076923,487.3446,Sapore2
41926,247254.75,8279782.25,269,1.71129688,1.83585064,1.4059,320,LLGSap
38892,247242.25,8279757.25,273,1.72585033,1.76917121,1.869,548.77635,Sapore3
41790,247254.75,8279757.25,273,1.76369943,1.64655555,1.418,341.9064,Limore3
35994M,247229.75,8279757.25,273,1.57325668,1.67915995,1.151363636,375.2865,LLGSap
33917,247217.25,8279907.25,259,1.7561244,1.75257327,1.706846154,423.36675,Sapore2
33165,247217.25,8279769.75,273,1.68610747,1.84828669,1.026882353,555.8436,LLGSap
36063,247229.75,8279769.75,273,1.690023,2.05292087,1.693,480,Sapore2
39506,247242.25,8279869.75,259,1.88545676,1.77672482,1.518,571.2179586,Sapore1
39575,247242.25,8279882.25,259,1.7829461,1.61098254,1.268727273,443.9907,LLGSap
44962,247267.25,8279807.25,269,1.66381171,1.94834191,1.966230769,420.6033,Sapore3
44893,247267.25,8279794.75,269,1.78297683,1.92679576,1.806133333,612.0192414,Sapore3
47791,247279.75,8279794.75,269,1.61143968,1.7724683,1.654,260.20575,Limore3
30268,247204.75,8279769.75,275,1.00894991,1.74878024,1.315,130.1643,LLGSap
33234B,247217.25,8279782.25,273,1.59133518,2.10083409,1.272,189.6993,LLGSap
36677,247229.75,8279882.25,259,1.55150237,1.72136903,1.405583333,503.77005,LLGSap
36746,247229.75,8279894.75,259,1.47694544,1.56776267,1.352916667,626.7969,LLGSap
35995M,247229.75,8279757.25,275,1.53150267,1.70873599,1.375,361.773,LLGSap
33097M,247217.25,8279757.25,275,1.50151319,1.32900833,1.187777778,325.3203,LLGSap
36064,247229.75,8279769.75,275,1.43961547,1.85223254,2.146066667,542.6595,Sapore3
39372,247242.25,8279844.75,267,1.67271821,1.62217269,1.7541,330.6582,Sapore2
44894,247267.25,8279794.75,271,1.57105109,1.57603864,1.89,93.2256,Sapore3
33166,247217.25,8279769.75,275,1.8922158,2.03129035,1.9643125,652.698,Sapore3
39303,247242.25,8279832.25,267,1.57852345,1.59180801,2.000818182,438.9903,Sapore3
39097,247242.25,8279794.75,269,1.49158943,1.054344893,1.364909091,352,LLGSap
39166,247242.25,8279807.25,269,1.18308324,1.13400948,1.617,320,Sapore1
39235,247242.25,8279819.75,269,1.77272739,1.50135129,1.7205,550.9404,Sapore2
42133,247254.75,8279819.75,269,1.77705705,1.72738591,1.923769231,460.0372725,Sapore3
39304,247242.25,8279832.25,269,1.75282201,1.69845449,1.8689375,566.19972,Sapore3
42064,247254.75,8279807.25,269,1.73361822,1.64786448,1.872733333,502.0164,Sapore3
41995,247254.75,8279794.75,269,1.63332509,1.81616143,1.595307692,416,Sapore1
36406,247229.75,8279832.25,269,1.63293325,1.45120078,1.68,32.59395,Sapore2
30200,247204.75,8279757.25,277,1.16787386,1.46969644,1.2473125,491.8616,LLGSap
24542,247179.75,8279782.25,277,0.99211093,0.557460487,1.235,193.2633,LLGSap
33711,247217.25,8279869.75,261,1.1419793,1.7204662,1.326,242.7138,LLGSap
36541,247229.75,8279857.25,263,1.68250048,1.53727636,1.741,441.4365,Sapore2
33167,247217.25,8279769.75,277,1.60102115,1.81071196,1.809181818,338.15485,Sapore3
33098M,247217.25,8279757.25,277,1.54061893,1.57277636,1.414117647,607.4487,LLGSap
39576,247242.25,8279882.25,261,1.73802018,1.66553912,1.576538462,474.44265,Sapore1
39438,247242.25,8279857.25,261,1.51603154,1.65150802,1.761583333,383.832,Sapore2
36540,247229.75,8279857.25,261,1.48676992,1.045783758,1.7159,550.06965,Sapore2
39507,247242.25,8279869.75,261,1.8193867,1.65593594,1.715076923,396.50985,Sapore2
33509,247217.25,8279832.25,271,1.3870454,1.23777233,1.624,519.075,Sapore1
36609,247229.75,8279869.75,261,1.72880506,1.83157544,1.625181818,408.9231,Sapore1
36747M,247229.75,8279894.75,261,1.67081047,1.68491051,2.195133333,696.81735,Sapore3
41927,247254.75,8279782.25,271,1.76545595,1.81950359,1.728,464.4351,Sapore2
30269,247204.75,8279769.75,277,1.72883899,1.79602316,1.383411765,637.3053,LLGSap
36678,247229.75,8279882.25,261,1.73874655,1.76256016,1.892058824,602.55225,Sapore3
39029,247242.25,8279782.25,271,1.80300161,1.94367717,1.9248,369.27765,Sapore3
31089,247204.75,8279919.75,261,1.74332986,1.92444941,2.059555556,362.3994,Sapore3
33302,247217.25,8279794.75,271,1.1972496,1.85278371,1.386,215.72352,LLGSap
33440,247217.25,8279819.75,271,0.784452081,1.33336594,1.418,229.1085,LLGSap
33780,247217.25,8279882.25,261,1.78925468,1.73541537,1.924,123.2523,Sapore3
36954B,247229.75,8279932.25,261,1.73364461,1.61858388,1.769,132.05835,Sapore2
39508,247242.25,8279869.75,263,1.77634722,1.75035518,1.730444444,294.09885,Sapore2
31020,247204.75,8279907.25,261,1.84514457,1.81640103,2.178,257.6556,Sapore3
33371,247217.25,8279807.25,271,1.50411159,1.64861671,1.566,323.58528,Sapore1
33849M,247217.25,8279894.75,261,1.68148568,1.70906119,2.006,288.3087,Sapore3
39439,247242.25,8279857.25,263,1.57739498,1.80175774,1.802,258.58035,Sapore3
39577B,247242.25,8279882.25,263,1.78987501,1.79810328,1.112,187.9254,LLGSap
42134,247254.75,8279819.75,271,1.49357859,1.51135698,1.98,325.62675,Sapore3
28123,247192.25,8279907.25,263,1.61175994,1.84724395,1.6602,257.5152,Sapore2
30952M,247204.75,8279894.75,263,1.77375188,1.76182683,1.867,134.95455,Sapore3
31021,247204.75,8279907.25,263,1.74662282,1.8357338,2.015,563.57775,Sapore3
33781,247217.25,8279882.25,263,1.70566262,1.89102552,2.096,269.9091,Sapore3
28192MISS,247192.25,8279919.75,263,1.64231649,1.90746539,1.507,115.67745,Sapore1
36338M,247229.75,8279819.75,271,1.57092411,1.62567758,1.72025,331.56945,Sapore2
39030MISS,247242.25,8279782.25,273,1.70168966,1.92200603,1.9115,365.6772,Sapore3
33712,247217.25,8279869.75,263,1.55890756,1.72113111,1.582,258.9084,Sapore1
36679,247229.75,8279882.25,263,1.68514249,1.73465866,2.194090909,409.8087,Sapore3
36407MISS,247229.75,8279832.25,271,1.61787867,1.67149168,1.812,141.7257,Sapore3
36610,247229.75,8279869.75,263,1.87087139,1.7431048,1.899,216.7182,Sapore3
39167,247242.25,8279807.25,271,1.81096525,1.74917621,1.82955,578.53035,Sapore3
39236,247242.25,8279819.75,271,1.78179628,1.60931384,1.294,318.33405,Limore3
39305,247242.25,8279832.25,271,1.47848642,1.46271863,2.081615385,345.4245,Sapore3
41996,247254.75,8279794.75,271,1.929311,1.94695827,1.826611111,614.9331,Sapore3
33850,247217.25,8279894.75,263,1.84431352,1.85561888,2.044538462,517.56435,Sapore3
42065,247254.75,8279807.25,271,1.73170571,1.78948015,2.07328,756.01215,Sapore3
16531,247142.25,8279907.25,263,1.59176944,1.72742095,1.453615385,416,LLGSap
16600,247142.25,8279919.75,263,1.53883948,0.447817177,1.3365,392.40855,LLGSap
19429,247154.75,8279907.25,263,1.08654877,1.7163239,1.073,352,LLGSap
19498,247154.75,8279919.75,263,1.16622349,0.787131131,1.213,128,LLGSap
36200,247229.75,8279794.75,271,1.77323166,1.69602059,1.59,214.9281,Sapore1
36269,247229.75,8279807.25,271,1.68205503,1.73188045,1.687,456.2865,Sapore2
39098,247242.25,8279794.75,271,1.82390132,1.85118431,2.0092,400.11975,Sapore3
19430,247154.75,8279907.25,265,1.43188109,1.63764992,1.711,218.13165,Sapore2
27303,247192.25,8279757.25,279,1.58019295,1.58156641,1.9241,368.93205,Sapore3
30270,247204.75,8279769.75,279,1.83006523,1.84159854,1.871769231,416,Sapore3
22397,247167.25,8279919.75,265,1.44090885,1.70079483,1.875,223.05105,Sapore3
33031,247217.25,8279744.75,281,1.5376836,1.46646504,1.577,643.6962,Sapore1
27372,247192.25,8279769.75,279,1.58467856,1.63744477,1.329,224,LLGSap
30201,247204.75,8279757.25,279,1.67519329,1.772446,1.84875,384,Sapore3
27304,247192.25,8279757.25,281,1.51284113,1.72087521,2.302,267.79545,Sapore3
33713,247217.25,8279869.75,265,1.78715813,1.87964968,1.953555556,288,Sapore3
27235,247192.25,8279744.75,281,1.57731631,1.37100607,2.05,315.2547,Sapore3
27236,247192.25,8279744.75,283,1.5969862,1.65174961,1.795,256,Sapore2
30133,247204.75,8279744.75,281,1.7095236,1.46294306,1.668,208.18755,Sapore2
36542,247229.75,8279857.25,265,1.8567912,1.8571523,2.1425,448,Sapore3
36611,247229.75,8279869.75,265,1.98368182,1.68621493,1.987,448,Sapore3
30953M,247204.75,8279894.75,265,1.7924297,2.06533759,2.065947368,524.47095,Sapore3
36680,247229.75,8279882.25,265,1.59936941,1.84534741,1.994083333,384,Sapore3
39440,247242.25,8279857.25,265,1.7183502,1.66150551,1.8807,320,Sapore3
30884,247204.75,8279882.25,265,1.748157,1.94608428,1.8542,450.0522,Sapore3
25295,247179.75,8279919.75,265,1.78686668,1.88752835,1.3115,516.9555,LLGSap
33234,247217.25,8279782.25,273,1.59133518,2.10083409,0.958222222,376.65,LLGSap
25089,247179.75,8279882.25,267,1.64868898,1.86095167,1.893076923,416,Sapore3
28056MISS,247192.25,8279894.75,267,1.75683694,1.88913304,2.235,320,Sapore3
36132,247229.75,8279782.25,273,2.01466455,2.00429137,1.560181818,460.35,Sapore1
36885,247229.75,8279919.75,261,1.46370363,1.57165111,1.845,349.4295,Sapore3
33987,247217.25,8279919.75,261,2.00564838,1.98480764,1.7115,528.85575,Sapore2
36816,247229.75,8279907.25,261,1.72279687,1.65486917,1.299,349.4295,LLGSap
30405,247204.75,8279794.75,273,1.57054848,1.68829735,1.567,157.182525,Sapore1
30474,247204.75,8279807.25,273,1.50764781,1.68183602,1.572,349.4295,Sapore1
30474B,247204.75,8279807.25,273,1.50764781,1.68183602,1.611,92.43045,Sapore1
33918,247217.25,8279907.25,261,1.9901286,1.70942554,1.814636364,386.32815,Sapore3
25499,247179.75,8279957.25,259,0.577613413,0.466608524,0.911,370.4697,LLGSap
22533,247167.25,8279944.75,261,1.50518136,0.98879987,1.687875,596.3895,Sapore2
33645,247217.25,8279857.25,267,1.73258022,1.93066824,1.888666667,298.4553,Sapore3
33714,247217.25,8279869.75,267,1.88758575,2.04955422,1.717111111,276.40845,Sapore2
30816,247204.75,8279869.75,267,1.90505357,2.00350905,1.519,252.79965,Sapore1
30885,247204.75,8279882.25,267,1.82662731,1.87556007,1.553888889,288,Sapore1
39099,247242.25,8279794.75,273,1.85761267,1.89421177,1.8645,461.16675,Sapore3
39168,247242.25,8279807.25,273,1.84630526,1.70737309,1.82075,470.799,Sapore3
39237,247242.25,8279819.75,273,1.54134387,1.40796968,1.616,309.68865,Limore3
36474,247229.75,8279844.75,267,1.70450444,1.55072037,1.8105,448,Sapore3
36270,247229.75,8279807.25,273,1.87345673,1.86315532,1.902923077,435.79485,Sapore3
25431,247179.75,8279944.75,261,0.821487427,0.802011192,1.194,165.65175,LLGSap
30747,247204.75,8279857.25,267,1.42212102,1.38864588,1.747,160,Sapore2
33576,247217.25,8279844.75,267,1.55454364,0.92410934,1.687090909,352,Sapore2
34056,247217.25,8279932.25,261,1.913873,1.87620047,1.6665,461.16675,Sapore2
36612,247229.75,8279869.75,267,1.61738886,1.69257113,1.925583333,466.918425,Sapore3
41997,247254.75,8279794.75,273,1.69100408,1.47880651,1.961,283.43655,Sapore3
16806,247142.25,8279957.25,261,1.86255504,1.81904202,1.594,256,Sapore1
16874,247142.25,8279969.75,259,1.94649917,1.86476108,1.669111111,288,Sapore2
19635,247154.75,8279944.75,261,1.58039233,1.28777664,1.3169375,362.11185,LLGSap
22602,247167.25,8279957.25,261,1.6169105,1.52826504,1.828,294.53985,Sapore3
19772,247154.75,8279969.75,259,1.74646338,1.69312686,1.484533333,480,Sapore1
19704M,247154.75,8279957.25,261,1.69641055,1.67546395,1.226,294.53985,LLGSap
33303,247217.25,8279794.75,273,1.78572344,2.06147534,1.738,294.53985,Sapore2
33372,247217.25,8279807.25,273,1.87711147,1.86356825,1.719578947,462.872475,Sapore2
33441,247217.25,8279819.75,273,1.45541955,1.7280987,0.881,321.646275,Waste
36339,247229.75,8279819.75,273,1.64936153,1.85452026,2.045166667,321.646275,Sapore3
36543,247229.75,8279857.25,267,1.78147086,1.78834203,2.055,462.872475,Sapore3
16737M,247142.25,8279944.75,261,1.63567137,1.3553348,1.19075,362.11185,LLGSap
22669,247167.25,8279969.75,257,1.101637483,1.17119978,1.793090909,352,Sapore2
22670,247167.25,8279969.75,259,1.61406364,1.58094335,1.8905,320,Sapore3
36201,247229.75,8279794.75,273,1.91963795,1.91025963,1.8115,466.918425,Sapore3
22671,247167.25,8279969.75,261,1.76223246,1.4987665,2.0258,419.2128,Sapore3
30337,247204.75,8279782.25,275,1.63316187,2.01349389,1.566,123.61005,Sapore1
33235,247217.25,8279782.25,275,1.97923009,2.11138462,1.519416667,519.5583,Sapore1
33304,247217.25,8279794.75,275,2.11999921,2.22155453,1.820782609,519.5583,Sapore3
36202,247229.75,8279794.75,275,1.6869666,1.99240841,2.131916667,384,Sapore3
36133,247229.75,8279782.25,275,1.80665137,1.94378608,1.931933333,419.2128,Sapore3
16875,247142.25,8279969.75,261,2.08110579,2.18577144,1.82,478.5075,Sapore3
19773,247154.75,8279969.75,261,1.94013943,1.86719034,1.5799,383.3703,Sapore1
30406,247204.75,8279794.75,275,1.85415579,2.01324882,1.820181818,384.85935,Sapore3
30475,247204.75,8279807.25,275,1.79899014,1.84905934,1.630625,315.76905,Sapore1
33577,247217.25,8279844.75,269,1.70423032,1.49742216,1.839692308,407.12625,Sapore3
30544M,247204.75,8279819.75,275,1.57412246,1.88420075,1.795,576,Sapore2
33373,247217.25,8279807.25,275,2.10159058,2.12863757,1.919888889,576,Sapore3
33442,247217.25,8279819.75,275,1.71504095,1.98066826,1.609,288,Sapore1
39646,247242.25,8279894.75,263,1.87559181,1.94377102,1.8385,448,Sapore3
36544MISS,247229.75,8279857.25,269,1.57944253,1.55865772,1.965222222,288,Sapore3
39577,247242.25,8279882.25,263,1.78987501,1.79810328,1.638454545,203.221575,Sapore1
30679,247204.75,8279844.75,269,1.58285799,0.776563764,1.587583333,407.12625,Sapore1
13771,247129.75,8279932.25,263,1.6283451,0.532193005,1.871470588,572.1219,Sapore3
16669,247142.25,8279932.25,263,1.62258877,0.822972238,1.64525,562.75425,Sapore1
27578,247192.25,8279807.25,277,1.55050198,1.47116262,1.4715,474.94755,Sapore1
30407,247204.75,8279794.75,277,1.97158302,2.27156283,2.116444444,329.1408,Sapore3
27440,247192.25,8279782.25,277,1.41282706,1.39371479,1.475,65.50335,Sapore1
28261M,247192.25,8279932.25,263,1.71976572,1.94316876,1.622,224,Sapore1
30338,247204.75,8279782.25,277,1.92359556,2.17927328,1.784,118.0116,Sapore2
31159,247204.75,8279932.25,263,1.92418826,2.01280854,1.907,385.35885,Sapore3
33236,247217.25,8279782.25,277,1.77429653,1.7323146,2.105307692,306.16515,Sapore3
33305,247217.25,8279794.75,277,1.88494367,1.91732008,2.167,376.0938,Sapore3
33919,247217.25,8279907.25,263,2.08885945,1.88497235,2.206,441.3204,Sapore3
36203,247229.75,8279794.75,277,1.22183925,1.31012113,1.62,188.197425,Limore3
36748M,247229.75,8279894.75,263,1.7996664,1.99742948,2.069888889,360.3177,Sapore3
36272,247229.75,8279807.25,277,1.20490061,1.1150097,1.627,160,Limore3
30476,247204.75,8279807.25,277,1.9195337,1.82952621,1.76,287.04915,Sapore2
33374,247217.25,8279807.25,277,1.84382722,1.76579872,1.5591875,586.01745,Sapore1
33988,247217.25,8279919.75,263,2.06646407,2.07576184,1.879727273,352,Sapore3
36475,247229.75,8279844.75,269,1.64829541,1.6868433,1.85725,536.74515,Sapore3
16463MISS,247142.25,8279894.75,265,1.30258761,1.53071822,0.888,260.6445,Waste
19636M,247154.75,8279944.75,263,1.7286592,1.66213889,2.028384615,267.7266,Sapore3
19567M,247154.75,8279932.25,263,1.49622499,0.846802115,1.578,224,Sapore1
19705,247154.75,8279957.25,263,1.87119113,1.73889184,1.8915625,636.68025,Sapore3
16807,247142.25,8279957.25,263,1.93922908,1.8370492,1.78125,384,Sapore2
25363M,247179.75,8279932.25,263,1.67693701,1.90055083,1.101,131.9463,LLGSap
27441,247192.25,8279782.25,279,1.93883359,1.83133137,1.6114,430.0668,Sapore1
22534,247167.25,8279944.75,263,1.86111822,1.81290783,1.6100625,595.4904,Sapore1
27579,247192.25,8279807.25,279,1.70001372,1.79341684,1.581,536.8572,Sapore1
30339,247204.75,8279782.25,279,1.79578468,1.66492096,2.2445,303.7662,Sapore3
33443M,247217.25,8279819.75,277,1.60351334,1.56819784,1.799272727,324.74925,Sapore2
33920,247217.25,8279907.25,265,1.81636409,1.82455829,1.975,224,Sapore3
27510,247192.25,8279794.75,279,1.83891699,1.72251871,1.506,131.9463,Sapore1
27647,247192.25,8279819.75,277,1.87879968,1.62341893,1.681,288,Sapore2
28193,247192.25,8279919.75,265,1.75503585,1.89277969,1.65,224,Limore3
28330MISS,247192.25,8279944.75,263,1.28755268,1.67385026,1.358444444,256.01805,LLGSap
30408,247204.75,8279794.75,279,1.74676434,1.83900946,2.007583333,290.8413,Sapore3
30545M,247204.75,8279819.75,277,1.7978096,1.83756376,1.858666667,384,Sapore3
30680,247204.75,8279844.75,271,1.74222558,1.57246288,1.801777778,391.6782,Sapore3
33989,247217.25,8279919.75,265,1.73593575,1.64412657,1.5903125,626.39865,Limore3
22603,247167.25,8279957.25,263,1.85085692,1.68816691,2.074823529,480,Sapore3
31022,247204.75,8279907.25,265,1.70579857,1.9258651,1.931,256,Sapore3
31160,247204.75,8279932.25,265,1.75981624,1.63912378,1.65925,318.7134,Limore3
13703,247129.75,8279919.75,265,1.5151803,1.26916703,1.311181818,352,LLGSap
16532,247142.25,8279907.25,265,1.7388472,1.77713523,1.6285,391.9347,Sapore1
19499,247154.75,8279919.75,265,1.53286024,1.65026499,1.2505,300.4695,LLGSap
19637,247154.75,8279944.75,265,1.76068712,1.66988848,1.868384615,423.2763,Sapore3
30612,247204.75,8279832.25,273,1.51844371,1.60327549,2.0625,214.30035,Sapore3
22466,247167.25,8279932.25,265,1.62948961,1.89102302,2.170222222,465.723,Sapore3
22535,247167.25,8279944.75,265,1.86212712,1.71515613,2.375888889,288,Sapore3
25364M,247179.75,8279932.25,265,1.82513869,1.83932661,1.700454545,420.184125,Sapore2
28262M,247192.25,8279932.25,265,1.83496378,1.9339831,1.585384615,460.28925,Sapore1
16601,247142.25,8279919.75,265,1.62287749,1.56320386,1.055071429,448,LLGSap
16739M,247142.25,8279944.75,265,1.82064074,1.7339376,1.8233,316.8693,Sapore3
24544,247179.75,8279782.25,281,2.05765374,1.55521873,1.872344231,416,Sapore3
24613,247179.75,8279794.75,281,1.86976919,1.55273417,1.778277778,576,Sapore2
25433M,247179.75,8279944.75,265,1.67803865,1.52666848,1.535105263,639.52875,Sapore1
33578,247217.25,8279844.75,271,1.74997344,1.80541335,2.000818182,352,Sapore3
13841,247129.75,8279944.75,265,2.079244,2.04416466,1.684,423.0981,Sapore2
16808MISS,247142.25,8279957.25,265,1.65924647,1.60136001,1.823,615.13155,Sapore3
13772,247129.75,8279932.25,265,1.91592897,1.46592943,1.869769231,533.02995,Sapore3
16670M,247142.25,8279932.25,265,1.83230682,1.68671252,1.955692308,416,Sapore3
19568M,247154.75,8279932.25,265,1.76636661,1.74193483,1.695,384,Sapore2
33647,247217.25,8279857.25,271,1.82407384,1.73044425,2.224,256,Sapore3
27987,247192.25,8279882.25,267,1.95969913,1.99605791,1.708,405.61965,Sapore2
36408M,247229.75,8279832.25,273,1.54166956,1.46862231,2.030111111,268.83225,Sapore3
33510M,247217.25,8279832.25,273,1.56034431,1.62716774,1.965,96,Sapore3
33646,247217.25,8279857.25,269,1.96148766,1.83091784,1.843,448,Sapore3
24476,247179.75,8279769.75,283,1.6548765,1.60251667,1.7823125,424.86525,Sapore2
24545,247179.75,8279782.25,283,1.86925229,1.59833907,1.569,399.33405,Sapore1
25365M,247179.75,8279932.25,267,1.86193369,1.74777019,1.658923077,427.9527,Sapore2
27850,247192.25,8279857.25,269,1.57080624,1.137459993,1.547818182,352,Sapore1
30748,247204.75,8279857.25,269,1.8433111,1.78293537,1.8236,320,Sapore3
22467,247167.25,8279932.25,267,1.88237975,1.59154093,2.202454545,389.9232,Sapore3
25296,247179.75,8279919.75,267,1.9638725,1.83048103,1.900466667,480,Sapore3
30749,247204.75,8279857.25,271,1.99635804,2.0136694,1.810727273,397.62225,Sapore3
19362,247154.75,8279894.75,267,1.46289435,1.70256623,1.5285,338.47605,Sapore1
22192,247167.25,8279882.25,269,1.39349034,1.64448856,1.406666667,376.87545,LLGSap
25090,247179.75,8279882.25,269,1.80819294,1.96678244,1.619076923,519.80535,Sapore1
25227,247179.75,8279907.25,267,1.60095684,1.79037413,1.5655,405.08505,Sapore1
19294,247154.75,8279882.25,269,1.4699024,1.66630291,1.629153846,535.3074,Sapore1
22260,247167.25,8279894.75,267,1.5075806,1.85311907,1.785,265.2588,Sapore2
27851,247192.25,8279857.25,271,1.84933311,1.56898295,1.892,219.54915,Sapore3
27920,247192.25,8279869.75,271,1.95022307,1.87641726,1.99,48.19635,Sapore3
30818,247204.75,8279869.75,271,1.89552655,1.56926555,1.833,96,Sapore3
25021,247179.75,8279869.75,269,1.38133483,1.28322933,1.419,220.752,LLGSap
25158,247179.75,8279894.75,267,1.55161861,1.92957598,1.396888889,284.9175,LLGSap
27919,247192.25,8279869.75,269,2.17984806,2.06948952,2.0413,341.7444,Sapore3
30817,247204.75,8279869.75,269,2.02281357,2.03274283,1.9668125,218.84715,Sapore3
22398,247167.25,8279919.75,267,1.68502406,1.75034073,1.932,382.7709,Sapore3
18681,247154.75,8279769.75,285,0.93316421,0.715598822,1.0681875,370.4967,LLGSap
22329,247167.25,8279907.25,267,1.56106633,1.86327631,2.115545455,522.2313,Sapore3
22330M,247167.25,8279907.25,269,1.67789148,1.77430081,2.178,384,Sapore3
19431,247154.75,8279907.25,267,1.48215986,1.6760207,1.883666667,310.0977,Sapore3
19500,247154.75,8279919.75,267,1.60436898,1.8209136,1.381,480.37185,LLGSap
19569,247154.75,8279932.25,267,1.73081927,1.67977365,1.955133333,480,Sapore3
25159,247179.75,8279894.75,269,1.69466676,1.77819534,1.998,301.779,Sapore3
25228,247179.75,8279907.25,269,1.57369219,1.61719714,1.906,364.47975,Sapore3
39850,247242.25,8279932.25,257,1.54755893,0.30403164,1.619333333,361.125,Sapore1
18682,247154.75,8279769.75,287,1.30666776,1.29807949,1.274,356.82525,LLGSap
22399M,247167.25,8279919.75,269,1.54450126,1.58695483,2.027,261.8703,Sapore3
12817,247129.75,8279757.25,287,1.86184961,1.51719126,1.969555556,470.41965,Sapore3
12748,247129.75,8279744.75,287,1.80663212,1.68371398,1.721,353.0682,Sapore2
15715,247142.25,8279757.25,287,1.72193492,1.29509306,2.078,256,Sapore3
16740,247142.25,8279944.75,267,1.58047216,1.55305956,1.977,432.59535,Sapore3
22261,247167.25,8279894.75,269,1.81662105,1.8039395,1.79,448,Sapore2
25022,247179.75,8279869.75,271,1.69015123,1.77681029,1.686,160,Sapore2
13842M,247129.75,8279944.75,267,1.8145262,1.8336833,2.124,544,Sapore3
15716M,247142.25,8279757.25,289,1.69582236,1.51746101,2.126733333,430.54605,Sapore3
16533,247142.25,8279907.25,267,1.73678192,1.83664212,1.494248615,416,Sapore1
16602,247142.25,8279919.75,267,1.59739576,1.82007977,2.017666667,480,Sapore3
13773,247129.75,8279932.25,267,1.98689699,1.85740066,1.781833333,390.2985,Sapore2
15647M,247142.25,8279744.75,289,1.6509779,1.68774048,1.966,348.72795,Sapore3
16671,247142.25,8279932.25,267,1.81460252,1.7730285,1.749769231,396.91215,Sapore2
12749,247129.75,8279744.75,289,1.90711739,1.82640042,1.844636364,354.47895,Sapore3
12818,247129.75,8279757.25,289,1.95245117,1.61904785,2.2561875,360.5553,Sapore3
13704,247129.75,8279919.75,267,1.71925452,1.8487972,1.438875,308.9313,LLGSap
12750,247129.75,8279744.75,291,1.85695179,1.6650598,2.254,317.16495,Sapore3
13774,247129.75,8279932.25,269,1.66909264,1.77675212,1.832684211,608,Sapore3
12819,247129.75,8279757.25,291,1.59183433,1.40022053,1.9251,320,Sapore3
39851,247242.25,8279932.25,259,1.90794218,0.694164693,1.877666667,381.29805,Sapore3
13705,247129.75,8279919.75,269,1.77874027,1.92151193,1.5895,449.7363,Sapore1
16465,247142.25,8279894.75,269,1.54158623,1.7697202,1.3165,225.13545,LLGSap
19363,247154.75,8279894.75,269,1.64025287,1.80257559,2.057052632,470.9556,Sapore3
16534,247142.25,8279907.25,269,1.65753914,1.74212372,1.769789474,499.8159,Sapore2
16603,247142.25,8279919.75,269,1.6281972,1.82071182,1.944,421.1757,Sapore3
19295,247154.75,8279882.25,271,1.61661367,1.5514208,1.930333333,500.91345,Sapore3
25569,247179.75,8279969.75,261,1.71033267,1.44603254,1.6504,300.68955,Sapore2
16466,247142.25,8279894.75,271,1.59281607,1.70104565,1.451166667,497.6613,LLGSap
22057,247167.25,8279857.25,275,1.42824703,1.035385013,1.514,85.66695,Sapore1
28467,247192.25,8279969.75,261,1.61708297,1.36862255,1.3768,429.23115,LLGSap
34057,247217.25,8279932.25,263,2.02628552,2.11589925,2.0385,373.8474,Sapore3
33579,247217.25,8279844.75,273,1.67917329,1.7536287,2.029333333,622.7739,Sapore3
22125M,247167.25,8279869.75,273,1.58400885,1.5919462,1.876,156.249,Sapore3
27783,247192.25,8279844.75,273,1.67338017,1.45296684,1.590538462,256,Sapore1
24954,247179.75,8279857.25,273,1.32418928,1.209665775,1.668833333,397.5804,Sapore2
27852,247192.25,8279857.25,273,1.85604475,1.92741471,2.050230769,425.3769,Sapore3
30681,247204.75,8279844.75,273,1.85481801,1.77841306,2.3021875,492.91605,Sapore3
22672,247167.25,8279969.75,263,1.59175538,1.40089916,2.39,177.0255,Sapore3
25023,247179.75,8279869.75,273,1.67479098,1.85486929,1.875230769,439.21575,Sapore3
30750,247204.75,8279857.25,273,1.91231006,1.72568525,1.898666667,666.2088,Sapore3
24955,247179.75,8279857.25,275,1.80676859,1.67679962,1.8045,412.2549,Sapore3
25501,247179.75,8279957.25,263,1.77029686,1.60530206,1.95,226.368,Sapore3
25570,247179.75,8279969.75,263,1.62843611,1.47709897,1.8735,484.40565,Sapore3
24886,247179.75,8279844.75,275,1.7198649,1.18055494,1.7983,378.0675,Sapore2
27853,247192.25,8279857.25,275,1.65764311,1.72534859,1.822,150.52095,Sapore3
28399,247192.25,8279957.25,263,1.74440322,1.47894465,1.810181818,444.19185,Sapore3
28468,247192.25,8279969.75,263,1.61097259,1.28635614,1.8758125,547.03215,Sapore3
27715,247192.25,8279832.25,275,1.55188849,1.57669396,1.5731,299.4759,Sapore1
24818,247179.75,8279832.25,277,1.81616043,1.38541484,1.990117647,573.9903,Sapore3
33511,247217.25,8279832.25,275,1.63379521,1.66565079,1.878769231,424.99485,Sapore3
27784,247192.25,8279844.75,275,1.89195174,1.74184645,1.577,271.134,Sapore1
30613,247204.75,8279832.25,275,1.77248432,1.80691311,2.077384615,389.07675,Sapore3
30682,247204.75,8279844.75,275,1.75343581,1.93209309,1.801,326.11005,Sapore3
27716,247192.25,8279832.25,277,1.70280925,1.57966764,1.7189,324.891,Sapore2
30614,247204.75,8279832.25,277,1.67683804,1.623595,2.136090909,352.7685,Sapore3
34058,247217.25,8279932.25,265,1.94014997,1.48978375,1.754,493.9461,Sapore2
16329,247142.25,8279869.75,273,1.60630746,1.2812401,1.888,413.8965,Sapore3
19296,247154.75,8279882.25,273,1.71480488,1.62073956,2.01875,384,Sapore3
19227,247154.75,8279869.75,273,1.64957511,1.31780088,1.5493,415.0035,Sapore1
16398,247142.25,8279882.25,273,1.61064063,1.60847212,1.765263158,465.264,Sapore2
24887,247179.75,8279844.75,277,1.85829164,1.53058573,1.863583333,360.4905,Sapore3
16467,247142.25,8279894.75,273,1.50045533,1.66313141,1.4060625,512,LLGSap
24956,247179.75,8279857.25,277,1.68551865,1.65919246,1.686,248.7753,Sapore2
16330,247142.25,8279869.75,275,1.73212253,1.46307684,1.830538462,437.616,Sapore3
22058,247167.25,8279857.25,277,1.64970535,1.45650695,2.063,183.222,Sapore3
19228,247154.75,8279869.75,275,1.72135807,1.30850124,1.924666667,672,Sapore3
22126M,247167.25,8279869.75,275,1.59916231,1.60955699,1.613384615,518.913,Sapore1
39714,247242.25,8279907.25,261,1.70354795,1.63454374,1.390692308,380.8755,LLGSap
16262,247142.25,8279857.25,277,1.52681465,1.42417892,1.639,198.558,Sapore1
24888,247179.75,8279844.75,279,1.61002672,1.54268576,1.958,222.6015,Sapore3
24819,247179.75,8279832.25,279,1.79665139,1.5523364,2.016769231,222.6015,Sapore3
36954,247229.75,8279932.25,261,1.73364461,1.61858388,1.719818182,329.0085,Sapore2
39852,247242.25,8279932.25,261,2.05797247,1.61165549,2.041818182,389.1645,Sapore3
39715,247242.25,8279907.25,263,1.99810966,1.76815138,1.84825,659.8125,Sapore3
36817,247229.75,8279907.25,263,2.13971658,1.94024403,1.635,288.4275,Sapore1
21990,247167.25,8279844.75,279,1.57147135,1.26349822,1.69375,198.0315,Sapore2
39853,247242.25,8279932.25,263,1.97061442,1.74769154,1.8712,333.6525,Sapore3
36955,247229.75,8279932.25,263,1.98679042,1.88823249,1.676692308,564.9345,Sapore2
16194,247142.25,8279844.75,279,1.42380203,1.53668954,1.8558,333.6255,Sapore3
19092,247154.75,8279844.75,279,1.20460877,0.93238285,1.133,196.101,LLGSap
19161,247154.75,8279857.25,279,1.65565507,1.2851526,2.128,125.847,Sapore3
16263,247142.25,8279857.25,279,1.74299634,1.86771038,1.628416667,402.9075,Sapore1
21853,247167.25,8279819.75,281,1.59956943,1.28447998,1.864,211.491,Sapore3
36818,247229.75,8279907.25,265,1.95364383,1.75443715,2.341,309.555,Sapore3
16127,247142.25,8279832.25,283,1.82929969,1.85913083,1.941923077,466.8975,Sapore3
36956,247229.75,8279932.25,265,1.95714892,1.72850062,1.836333333,642.9105,Sapore3
16058,247142.25,8279819.75,283,0.858424425,1.61998318,1.674,243.162,Sapore2
36888,247229.75,8279919.75,267,1.6859631,1.48580332,1.445,280.7325,Limore3
39785,247242.25,8279919.75,265,1.93063241,1.7504714,1.66975,633.798,Sapore2
21854,247167.25,8279819.75,283,1.67554238,1.39782582,1.509384615,498.609,Limore3
39854,247242.25,8279932.25,265,1.8994688,1.79539399,1.711,445.9455,Limore3
21991,247167.25,8279844.75,281,1.51874243,1.38238533,1.368,415.638,Limore3
16195,247142.25,8279844.75,281,1.66176398,1.90646618,1.8244,346.3482857,Limore3
19093,247154.75,8279844.75,281,1.40020209,1.37534983,1.596,607.7835,Sapore1
39855,247242.25,8279932.25,267,1.63560481,1.36755818,1.489923077,458.1225,Limore3
